"(253, 232, 229)","(254, 233, 230)","(253, 233, 232)","(252, 232, 231)","(255, 236, 238)","(255, 241, 242)","(254, 239, 244)","(245, 234, 238)","(252, 243, 246)","(247, 243, 244)","(238, 237, 235)","(232, 234, 231)","(234, 239, 233)","(238, 248, 240)","(238, 248, 239)","(233, 245, 233)","(236, 248, 236)","(237, 249, 235)","(234, 244, 233)","(228, 238, 227)","(232, 242, 233)","(242, 252, 243)","(245, 252, 245)","(239, 246, 239)","(240, 242, 241)","(240, 242, 241)","(240, 238, 241)","(239, 237, 240)","(243, 236, 244)","(246, 239, 247)","(250, 240, 249)","(245, 239, 249)","(235, 239, 251)","(228, 236, 249)","(229, 235, 247)","(236, 240, 251)","(239, 241, 253)","(239, 238, 246)","(238, 235, 244)","(241, 236, 243)","(239, 232, 239)","(247, 240, 247)","(245, 238, 246)","(245, 238, 246)","(251, 243, 254)","(248, 240, 251)","(242, 236, 248)","(242, 241, 255)","(237, 243, 255)","(233, 247, 255)","(224, 243, 255)","(219, 243, 255)","(225, 253, 255)","(224, 252, 255)","(220, 245, 249)","(226, 246, 253)","(227, 239, 251)","(230, 239, 254)","(235, 240, 255)","(236, 243, 255)","(234, 244, 255)","(227, 242, 249)","(224, 244, 245)","(225, 247, 245)"
"(239, 234, 240)","(247, 242, 248)","(250, 245, 251)","(241, 238, 245)","(234, 231, 240)","(235, 232, 241)","(241, 239, 250)","(245, 245, 255)","(229, 233, 244)","(237, 244, 254)","(246, 255, 255)","(244, 255, 255)","(239, 255, 255)","(229, 250, 255)","(223, 247, 251)","(223, 247, 247)","(217, 237, 236)","(227, 246, 244)","(238, 254, 253)","(237, 253, 252)","(223, 239, 238)","(212, 228, 227)","(216, 230, 230)","(228, 239, 241)","(221, 231, 233)","(229, 236, 242)","(237, 242, 248)","(238, 241, 248)","(238, 238, 248)","(237, 235, 246)","(237, 235, 246)","(237, 237, 247)","(230, 238, 249)","(231, 241, 251)","(232, 242, 252)","(231, 240, 249)","(230, 237, 245)","(233, 238, 244)","(238, 241, 246)","(243, 244, 249)","(240, 241, 245)","(239, 240, 244)","(227, 228, 233)","(219, 222, 229)","(227, 230, 237)","(229, 233, 242)","(230, 234, 243)","(236, 242, 254)","(221, 228, 247)","(229, 237, 255)","(225, 239, 252)","(217, 236, 243)","(217, 238, 239)","(212, 234, 232)","(212, 232, 231)","(225, 240, 243)","(240, 249, 255)","(235, 239, 250)","(229, 231, 244)","(229, 231, 243)","(231, 238, 246)","(233, 244, 246)","(232, 247, 244)","(228, 247, 241)"
"(211, 239, 255)","(219, 247, 255)","(224, 252, 255)","(223, 249, 255)","(220, 246, 255)","(219, 243, 255)","(216, 240, 255)","(211, 237, 255)","(220, 247, 255)","(210, 240, 255)","(200, 234, 255)","(193, 230, 255)","(177, 221, 250)","(163, 208, 237)","(158, 208, 235)","(167, 213, 237)","(191, 227, 249)","(186, 219, 236)","(182, 213, 231)","(190, 221, 239)","(212, 241, 255)","(226, 255, 255)","(221, 249, 255)","(208, 234, 247)","(230, 253, 255)","(226, 248, 255)","(224, 242, 255)","(224, 240, 253)","(227, 241, 254)","(227, 239, 251)","(225, 237, 249)","(222, 234, 246)","(216, 233, 241)","(220, 237, 244)","(220, 237, 244)","(218, 233, 238)","(220, 235, 240)","(225, 240, 243)","(222, 236, 237)","(212, 226, 227)","(214, 230, 230)","(219, 237, 237)","(219, 239, 240)","(221, 242, 243)","(228, 252, 254)","(220, 245, 249)","(204, 232, 235)","(207, 228, 233)","(226, 230, 241)","(240, 239, 247)","(236, 240, 243)","(231, 240, 237)","(234, 245, 239)","(231, 242, 234)","(230, 240, 232)","(241, 246, 240)","(230, 230, 228)","(238, 234, 235)","(243, 237, 241)","(244, 238, 240)","(240, 239, 237)","(239, 241, 236)","(240, 246, 236)","(240, 251, 237)"
"(188, 247, 255)","(157, 216, 250)","(120, 176, 209)","(102, 155, 189)","(113, 163, 198)","(133, 182, 215)","(144, 188, 223)","(140, 184, 221)","(127, 172, 211)","(91, 140, 180)","(58, 111, 151)","(47, 104, 147)","(40, 103, 147)","(29, 96, 141)","(23, 94, 140)","(30, 97, 142)","(43, 100, 143)","(62, 115, 157)","(69, 121, 161)","(67, 119, 158)","(88, 138, 175)","(126, 174, 210)","(148, 194, 227)","(147, 192, 223)","(123, 167, 194)","(129, 171, 196)","(153, 190, 216)","(188, 224, 246)","(214, 249, 255)","(211, 244, 255)","(185, 216, 236)","(163, 191, 205)","(144, 167, 175)","(179, 198, 202)","(206, 224, 228)","(212, 230, 232)","(215, 233, 235)","(225, 245, 244)","(232, 252, 251)","(230, 252, 250)","(223, 248, 245)","(223, 252, 248)","(216, 246, 244)","(209, 243, 242)","(212, 251, 250)","(213, 253, 253)","(214, 255, 255)","(231, 255, 255)","(234, 243, 250)","(243, 242, 248)","(232, 236, 237)","(227, 236, 233)","(233, 244, 238)","(228, 241, 232)","(219, 230, 222)","(221, 227, 223)","(234, 234, 234)","(238, 236, 237)","(242, 237, 241)","(240, 236, 237)","(237, 237, 237)","(237, 242, 238)","(236, 243, 235)","(231, 243, 233)"
"(19, 103, 149)","(8, 91, 135)","(2, 83, 126)","(23, 98, 140)","(60, 129, 171)","(87, 152, 192)","(86, 148, 189)","(72, 131, 173)","(54, 116, 157)","(30, 93, 137)","(12, 78, 126)","(15, 87, 137)","(17, 94, 150)","(7, 89, 147)","(0, 84, 143)","(0, 85, 149)","(7, 90, 156)","(13, 93, 162)","(16, 95, 162)","(18, 96, 160)","(23, 99, 161)","(30, 105, 163)","(35, 108, 163)","(36, 108, 158)","(22, 90, 137)","(20, 87, 130)","(31, 94, 135)","(53, 115, 152)","(68, 128, 162)","(58, 119, 150)","(37, 96, 126)","(29, 77, 99)","(92, 116, 126)","(150, 164, 167)","(190, 204, 207)","(187, 201, 202)","(167, 183, 183)","(167, 186, 184)","(188, 208, 206)","(202, 227, 223)","(210, 236, 233)","(225, 255, 251)","(229, 255, 255)","(220, 255, 255)","(201, 246, 243)","(165, 214, 211)","(133, 183, 182)","(129, 170, 172)","(201, 220, 227)","(219, 229, 238)","(221, 236, 243)","(222, 241, 245)","(230, 251, 254)","(229, 253, 255)","(230, 251, 254)","(240, 255, 255)","(242, 255, 255)","(237, 246, 255)","(226, 233, 243)","(220, 229, 238)","(224, 237, 245)","(230, 248, 252)","(226, 245, 249)","(214, 238, 238)"
"(9, 106, 157)","(4, 100, 150)","(0, 89, 136)","(0, 81, 127)","(7, 84, 126)","(20, 92, 132)","(26, 91, 129)","(23, 87, 123)","(19, 83, 119)","(15, 80, 120)","(15, 84, 126)","(18, 92, 139)","(11, 93, 143)","(3, 90, 144)","(4, 95, 152)","(11, 104, 165)","(12, 99, 166)","(0, 78, 145)","(3, 88, 153)","(48, 129, 194)","(71, 151, 212)","(55, 131, 189)","(37, 113, 165)","(39, 113, 162)","(33, 104, 148)","(23, 92, 133)","(18, 84, 119)","(21, 86, 118)","(31, 94, 125)","(48, 112, 139)","(77, 139, 164)","(112, 161, 178)","(129, 149, 156)","(155, 163, 165)","(163, 171, 173)","(152, 160, 162)","(136, 146, 145)","(132, 144, 142)","(133, 149, 146)","(134, 153, 151)","(171, 193, 190)","(170, 196, 193)","(151, 183, 180)","(122, 158, 156)","(94, 134, 133)","(61, 105, 104)","(37, 85, 87)","(41, 80, 85)","(67, 92, 99)","(98, 116, 126)","(112, 134, 145)","(110, 137, 146)","(104, 134, 144)","(100, 130, 140)","(110, 140, 150)","(133, 160, 171)","(197, 219, 232)","(222, 240, 254)","(241, 255, 255)","(239, 255, 255)","(228, 250, 255)","(225, 252, 255)","(226, 255, 255)","(225, 255, 255)"
"(0, 83, 136)","(0, 94, 145)","(14, 102, 148)","(19, 100, 143)","(20, 94, 129)","(24, 90, 122)","(28, 88, 114)","(30, 86, 109)","(47, 103, 126)","(47, 105, 129)","(42, 103, 131)","(30, 97, 126)","(15, 90, 122)","(7, 87, 124)","(7, 90, 132)","(14, 95, 138)","(18, 91, 132)","(26, 94, 133)","(47, 112, 150)","(65, 129, 165)","(54, 114, 148)","(26, 83, 113)","(20, 74, 102)","(35, 87, 111)","(99, 147, 169)","(91, 138, 156)","(90, 136, 149)","(99, 143, 152)","(104, 147, 154)","(106, 149, 155)","(118, 159, 163)","(139, 170, 172)","(158, 168, 170)","(156, 156, 158)","(148, 148, 148)","(149, 149, 149)","(157, 157, 157)","(160, 162, 161)","(153, 157, 156)","(143, 152, 151)","(132, 142, 141)","(139, 153, 153)","(137, 155, 157)","(134, 155, 158)","(131, 156, 160)","(113, 142, 146)","(94, 124, 132)","(90, 119, 127)","(94, 117, 125)","(115, 138, 146)","(117, 145, 156)","(103, 135, 146)","(84, 120, 134)","(67, 103, 117)","(65, 101, 117)","(82, 113, 131)","(89, 116, 133)","(126, 152, 169)","(161, 184, 200)","(161, 187, 202)","(147, 176, 192)","(139, 172, 189)","(139, 178, 193)","(140, 182, 198)"
"(5, 99, 153)","(8, 98, 150)","(8, 92, 138)","(8, 86, 124)","(23, 89, 121)","(50, 110, 134)","(81, 134, 150)","(99, 149, 160)","(107, 155, 165)","(104, 153, 160)","(93, 145, 156)","(78, 136, 148)","(64, 130, 144)","(52, 123, 141)","(35, 110, 131)","(24, 97, 116)","(38, 100, 115)","(56, 110, 122)","(62, 114, 125)","(62, 112, 121)","(78, 122, 131)","(99, 142, 149)","(107, 144, 150)","(97, 132, 134)","(127, 158, 160)","(110, 140, 138)","(105, 134, 130)","(121, 150, 145)","(140, 167, 158)","(139, 167, 155)","(132, 158, 147)","(132, 152, 141)","(136, 142, 138)","(144, 144, 142)","(150, 150, 148)","(152, 153, 148)","(146, 147, 142)","(140, 141, 136)","(144, 144, 142)","(152, 154, 151)","(147, 151, 150)","(143, 149, 149)","(128, 138, 140)","(123, 137, 140)","(134, 149, 156)","(135, 152, 160)","(128, 146, 156)","(130, 149, 156)","(128, 146, 148)","(136, 156, 155)","(134, 158, 162)","(129, 158, 164)","(130, 162, 173)","(122, 156, 168)","(114, 146, 161)","(119, 148, 164)","(110, 136, 149)","(111, 135, 147)","(106, 130, 142)","(101, 128, 139)","(112, 140, 152)","(120, 153, 168)","(111, 148, 164)","(92, 134, 150)"
"(7, 92, 147)","(13, 95, 145)","(14, 91, 135)","(24, 94, 130)","(57, 117, 145)","(95, 148, 166)","(105, 152, 160)","(96, 137, 139)","(82, 123, 119)","(95, 136, 128)","(101, 147, 137)","(94, 144, 135)","(81, 136, 130)","(71, 132, 127)","(67, 131, 130)","(68, 130, 125)","(92, 144, 132)","(102, 149, 133)","(109, 152, 135)","(105, 146, 130)","(109, 143, 129)","(127, 159, 144)","(133, 160, 145)","(114, 138, 122)","(120, 141, 126)","(125, 143, 127)","(129, 147, 131)","(133, 150, 132)","(133, 150, 132)","(131, 148, 129)","(127, 144, 125)","(127, 141, 124)","(130, 142, 132)","(133, 145, 135)","(137, 147, 138)","(136, 146, 137)","(136, 143, 135)","(136, 141, 134)","(137, 142, 135)","(139, 144, 137)","(138, 140, 135)","(133, 138, 134)","(130, 136, 136)","(128, 136, 138)","(130, 139, 144)","(133, 142, 149)","(134, 144, 153)","(135, 145, 147)","(139, 147, 136)","(132, 143, 127)","(130, 143, 133)","(133, 149, 146)","(125, 146, 147)","(113, 137, 141)","(115, 135, 142)","(124, 143, 150)","(136, 154, 158)","(139, 154, 157)","(136, 152, 152)","(131, 149, 149)","(134, 153, 157)","(138, 163, 168)","(134, 162, 173)","(125, 157, 168)"
"(0, 80, 133)","(22, 98, 148)","(47, 118, 160)","(69, 133, 168)","(86, 144, 168)","(90, 142, 156)","(76, 121, 124)","(56, 97, 91)","(90, 130, 119)","(94, 135, 117)","(94, 136, 116)","(85, 130, 110)","(78, 127, 108)","(82, 135, 117)","(89, 146, 129)","(97, 152, 131)","(92, 142, 115)","(93, 138, 109)","(98, 141, 113)","(103, 142, 115)","(103, 137, 112)","(111, 141, 117)","(117, 142, 120)","(111, 133, 112)","(121, 140, 120)","(123, 140, 121)","(124, 141, 123)","(125, 142, 124)","(125, 142, 123)","(124, 141, 122)","(123, 140, 121)","(121, 140, 121)","(120, 143, 127)","(118, 141, 125)","(117, 140, 124)","(118, 139, 122)","(121, 139, 123)","(122, 139, 123)","(123, 137, 122)","(122, 134, 122)","(124, 134, 125)","(121, 131, 123)","(119, 128, 123)","(118, 129, 125)","(120, 130, 131)","(122, 132, 134)","(121, 132, 136)","(122, 132, 131)","(128, 137, 120)","(136, 148, 126)","(137, 151, 138)","(127, 146, 140)","(129, 150, 153)","(135, 158, 164)","(131, 153, 164)","(119, 139, 148)","(113, 132, 138)","(124, 142, 144)","(133, 151, 151)","(134, 154, 153)","(131, 155, 159)","(122, 151, 159)","(107, 139, 152)","(92, 128, 142)"
"(17, 93, 142)","(36, 110, 155)","(63, 132, 173)","(82, 147, 179)","(87, 145, 167)","(76, 130, 142)","(61, 110, 114)","(53, 98, 93)","(72, 116, 101)","(78, 121, 101)","(81, 125, 102)","(79, 125, 99)","(79, 127, 103)","(84, 134, 109)","(87, 140, 114)","(87, 141, 115)","(89, 144, 113)","(79, 132, 102)","(86, 136, 107)","(98, 144, 116)","(94, 136, 112)","(94, 132, 109)","(103, 136, 117)","(107, 138, 122)","(110, 138, 123)","(111, 137, 124)","(111, 137, 126)","(110, 138, 126)","(110, 137, 128)","(109, 139, 129)","(110, 140, 130)","(110, 142, 129)","(105, 143, 122)","(100, 140, 116)","(97, 135, 112)","(100, 135, 111)","(106, 138, 115)","(110, 139, 117)","(109, 137, 115)","(108, 133, 112)","(118, 141, 123)","(117, 138, 123)","(115, 135, 123)","(115, 135, 124)","(116, 136, 127)","(115, 136, 129)","(114, 135, 130)","(113, 134, 125)","(120, 143, 125)","(120, 145, 126)","(108, 135, 128)","(93, 124, 127)","(91, 125, 137)","(95, 132, 150)","(88, 124, 146)","(74, 109, 129)","(73, 106, 121)","(80, 112, 123)","(84, 119, 125)","(81, 118, 126)","(73, 113, 125)","(59, 104, 123)","(44, 91, 117)","(30, 81, 108)"
"(17, 86, 125)","(22, 90, 125)","(37, 102, 132)","(52, 114, 137)","(55, 112, 129)","(49, 104, 111)","(52, 102, 101)","(61, 108, 100)","(79, 123, 108)","(85, 128, 108)","(90, 132, 108)","(91, 134, 107)","(94, 139, 110)","(97, 142, 113)","(95, 140, 111)","(90, 135, 104)","(93, 140, 106)","(87, 133, 97)","(95, 139, 106)","(104, 143, 112)","(99, 133, 106)","(102, 132, 106)","(114, 139, 117)","(118, 141, 121)","(115, 136, 119)","(115, 136, 121)","(114, 136, 123)","(113, 137, 123)","(112, 138, 125)","(111, 139, 125)","(112, 140, 128)","(109, 142, 125)","(99, 139, 115)","(94, 138, 111)","(94, 137, 110)","(97, 137, 110)","(102, 138, 112)","(105, 139, 112)","(107, 140, 113)","(109, 139, 113)","(120, 148, 125)","(118, 146, 123)","(118, 146, 124)","(118, 145, 126)","(119, 146, 129)","(118, 146, 131)","(115, 143, 129)","(110, 142, 129)","(106, 144, 129)","(77, 119, 109)","(53, 98, 101)","(46, 95, 110)","(39, 90, 117)","(29, 83, 117)","(33, 87, 123)","(46, 100, 134)","(75, 126, 155)","(64, 116, 138)","(49, 101, 122)","(33, 90, 110)","(26, 86, 114)","(21, 85, 120)","(15, 84, 125)","(11, 82, 126)"
"(26, 84, 104)","(28, 87, 105)","(43, 101, 115)","(61, 118, 129)","(67, 122, 125)","(61, 113, 111)","(60, 109, 103)","(68, 116, 104)","(93, 137, 120)","(94, 136, 114)","(91, 131, 105)","(88, 127, 100)","(93, 129, 101)","(102, 136, 109)","(107, 140, 111)","(107, 138, 106)","(110, 136, 97)","(114, 137, 95)","(121, 142, 103)","(121, 137, 100)","(117, 129, 93)","(127, 134, 100)","(137, 142, 110)","(133, 136, 107)","(140, 140, 112)","(140, 140, 114)","(138, 141, 114)","(136, 142, 114)","(132, 141, 114)","(128, 138, 111)","(123, 136, 108)","(117, 136, 108)","(104, 134, 108)","(103, 139, 113)","(107, 141, 116)","(106, 139, 112)","(101, 134, 105)","(101, 131, 103)","(106, 135, 105)","(110, 139, 109)","(114, 143, 115)","(113, 142, 114)","(112, 140, 115)","(112, 142, 118)","(111, 143, 120)","(109, 142, 121)","(107, 140, 119)","(98, 141, 124)","(77, 132, 126)","(45, 108, 113)","(24, 91, 108)","(17, 88, 120)","(11, 84, 129)","(5, 81, 133)","(20, 95, 150)","(43, 119, 171)","(63, 140, 184)","(43, 121, 159)","(19, 97, 133)","(5, 87, 124)","(5, 89, 133)","(6, 96, 148)","(5, 99, 160)","(4, 99, 163)"
"(70, 116, 114)","(72, 118, 116)","(82, 128, 125)","(95, 142, 136)","(98, 145, 135)","(91, 137, 126)","(88, 132, 117)","(91, 134, 115)","(92, 131, 110)","(95, 133, 108)","(100, 133, 106)","(103, 132, 104)","(110, 135, 106)","(117, 140, 111)","(122, 141, 113)","(121, 138, 106)","(131, 146, 107)","(136, 147, 107)","(144, 150, 112)","(140, 144, 107)","(139, 136, 101)","(149, 145, 110)","(158, 149, 116)","(149, 138, 108)","(160, 149, 119)","(159, 150, 119)","(156, 150, 118)","(151, 148, 115)","(145, 145, 111)","(137, 141, 106)","(131, 137, 101)","(124, 135, 101)","(118, 134, 108)","(121, 140, 118)","(125, 144, 122)","(121, 141, 116)","(112, 130, 104)","(107, 126, 98)","(109, 128, 100)","(113, 133, 105)","(116, 139, 110)","(114, 137, 108)","(111, 136, 107)","(109, 135, 108)","(106, 136, 110)","(104, 137, 110)","(101, 135, 110)","(91, 136, 116)","(75, 137, 132)","(60, 134, 143)","(42, 120, 143)","(19, 101, 139)","(8, 91, 145)","(8, 94, 155)","(16, 101, 165)","(21, 107, 168)","(22, 109, 162)","(8, 96, 142)","(0, 87, 129)","(0, 89, 133)","(0, 96, 147)","(0, 98, 158)","(0, 95, 163)","(0, 92, 165)"
"(99, 131, 107)","(98, 132, 107)","(98, 132, 107)","(96, 132, 106)","(92, 131, 104)","(92, 131, 104)","(98, 134, 108)","(103, 139, 111)","(99, 132, 103)","(110, 139, 109)","(121, 144, 115)","(130, 146, 117)","(139, 150, 120)","(146, 153, 122)","(148, 151, 120)","(145, 148, 117)","(145, 151, 123)","(137, 143, 115)","(145, 148, 121)","(155, 155, 129)","(157, 151, 127)","(160, 153, 127)","(168, 156, 132)","(164, 152, 126)","(163, 151, 125)","(161, 152, 123)","(157, 150, 121)","(152, 149, 116)","(147, 148, 114)","(142, 146, 109)","(139, 147, 108)","(138, 145, 112)","(138, 137, 117)","(144, 141, 126)","(148, 145, 130)","(147, 144, 127)","(139, 138, 118)","(134, 133, 112)","(132, 134, 110)","(131, 137, 111)","(137, 146, 119)","(131, 144, 116)","(125, 139, 113)","(119, 138, 110)","(114, 137, 109)","(111, 137, 108)","(106, 135, 107)","(97, 136, 115)","(81, 143, 132)","(63, 137, 140)","(45, 122, 142)","(26, 106, 141)","(13, 94, 147)","(6, 90, 152)","(3, 88, 152)","(1, 87, 146)","(9, 95, 146)","(4, 91, 136)","(3, 92, 132)","(7, 100, 143)","(7, 103, 153)","(0, 99, 158)","(0, 96, 164)","(0, 95, 169)"
"(92, 136, 109)","(97, 141, 114)","(97, 141, 114)","(91, 133, 109)","(87, 127, 103)","(90, 128, 105)","(101, 136, 114)","(108, 141, 120)","(100, 129, 107)","(105, 130, 108)","(106, 128, 105)","(105, 123, 99)","(112, 126, 101)","(127, 137, 112)","(140, 149, 122)","(144, 154, 130)","(134, 148, 133)","(117, 130, 120)","(129, 135, 121)","(157, 155, 140)","(167, 156, 138)","(167, 150, 130)","(175, 154, 133)","(178, 160, 136)","(161, 146, 123)","(154, 147, 121)","(150, 146, 121)","(147, 147, 121)","(145, 148, 119)","(147, 152, 120)","(150, 155, 123)","(155, 155, 129)","(151, 141, 131)","(157, 142, 135)","(161, 148, 132)","(164, 151, 132)","(164, 152, 128)","(160, 150, 123)","(156, 148, 125)","(152, 147, 125)","(152, 154, 132)","(144, 152, 128)","(133, 147, 121)","(124, 144, 117)","(114, 143, 115)","(109, 141, 117)","(104, 139, 119)","(94, 140, 129)","(62, 128, 126)","(26, 103, 111)","(12, 90, 112)","(17, 100, 134)","(18, 100, 150)","(2, 87, 144)","(1, 87, 148)","(16, 102, 161)","(11, 96, 150)","(7, 95, 143)","(5, 96, 141)","(5, 97, 144)","(0, 94, 145)","(0, 89, 146)","(0, 93, 159)","(0, 103, 171)"
"(68, 149, 142)","(41, 120, 114)","(45, 117, 113)","(54, 119, 115)","(61, 117, 116)","(63, 111, 111)","(69, 109, 109)","(100, 134, 135)","(100, 130, 130)","(115, 144, 140)","(63, 90, 85)","(44, 74, 66)","(61, 93, 80)","(58, 92, 76)","(84, 121, 104)","(112, 150, 139)","(101, 142, 146)","(56, 89, 98)","(130, 146, 146)","(199, 199, 189)","(191, 172, 155)","(192, 164, 142)","(206, 174, 149)","(184, 156, 132)","(169, 153, 130)","(159, 152, 134)","(148, 150, 136)","(141, 147, 135)","(138, 144, 130)","(140, 143, 126)","(149, 146, 127)","(159, 149, 139)","(156, 141, 144)","(149, 133, 134)","(163, 147, 131)","(179, 164, 133)","(173, 159, 122)","(166, 154, 116)","(176, 164, 138)","(184, 177, 158)","(169, 170, 154)","(145, 154, 137)","(124, 146, 123)","(120, 152, 128)","(109, 153, 130)","(88, 138, 126)","(69, 125, 124)","(57, 121, 130)","(17, 94, 110)","(27, 112, 133)","(33, 118, 147)","(21, 106, 143)","(9, 96, 141)","(7, 94, 147)","(6, 92, 149)","(0, 89, 147)","(4, 93, 153)","(3, 94, 151)","(1, 95, 149)","(0, 95, 149)","(0, 96, 151)","(0, 96, 151)","(0, 97, 153)","(0, 96, 155)"
"(36, 113, 121)","(22, 96, 105)","(31, 101, 111)","(35, 101, 115)","(47, 106, 122)","(59, 111, 132)","(56, 102, 125)","(69, 111, 133)","(64, 102, 121)","(69, 105, 119)","(81, 115, 125)","(105, 138, 143)","(98, 132, 131)","(71, 106, 99)","(85, 121, 111)","(106, 145, 140)","(103, 147, 158)","(60, 98, 111)","(70, 88, 92)","(179, 176, 171)","(200, 179, 162)","(198, 166, 143)","(195, 159, 133)","(179, 149, 123)","(166, 148, 126)","(155, 148, 130)","(148, 151, 140)","(152, 160, 149)","(161, 167, 157)","(171, 171, 159)","(178, 170, 159)","(181, 168, 160)","(192, 177, 184)","(176, 161, 164)","(171, 158, 141)","(175, 162, 130)","(173, 161, 121)","(176, 164, 124)","(172, 163, 132)","(157, 152, 130)","(141, 143, 129)","(118, 132, 117)","(97, 124, 109)","(86, 127, 111)","(78, 130, 118)","(60, 122, 119)","(38, 106, 115)","(20, 97, 115)","(11, 95, 121)","(20, 107, 137)","(21, 110, 144)","(11, 99, 137)","(3, 92, 136)","(7, 95, 145)","(7, 96, 152)","(4, 94, 154)","(1, 94, 155)","(0, 94, 156)","(0, 94, 155)","(0, 95, 153)","(0, 96, 153)","(0, 96, 151)","(0, 97, 149)","(0, 97, 149)"
"(53, 84, 102)","(53, 86, 105)","(59, 97, 118)","(44, 86, 111)","(34, 83, 115)","(43, 95, 132)","(42, 97, 136)","(54, 109, 148)","(57, 111, 147)","(61, 110, 142)","(103, 144, 166)","(116, 148, 163)","(107, 131, 135)","(131, 146, 143)","(144, 154, 145)","(128, 141, 134)","(124, 149, 153)","(106, 131, 135)","(62, 72, 71)","(160, 156, 147)","(182, 163, 149)","(187, 160, 141)","(185, 157, 135)","(179, 155, 131)","(159, 143, 120)","(150, 142, 121)","(148, 147, 129)","(157, 160, 143)","(174, 177, 160)","(187, 185, 170)","(188, 182, 166)","(182, 174, 161)","(185, 175, 173)","(176, 167, 162)","(172, 163, 148)","(166, 158, 135)","(163, 157, 125)","(169, 163, 129)","(162, 159, 126)","(135, 138, 109)","(122, 131, 110)","(105, 123, 109)","(80, 109, 104)","(61, 103, 102)","(53, 106, 112)","(46, 110, 119)","(31, 103, 115)","(11, 92, 109)","(27, 113, 140)","(27, 116, 150)","(22, 110, 148)","(9, 96, 139)","(2, 90, 138)","(6, 93, 146)","(6, 95, 153)","(2, 92, 152)","(1, 94, 155)","(0, 94, 156)","(0, 94, 155)","(0, 95, 153)","(0, 96, 153)","(0, 96, 151)","(0, 97, 149)","(0, 97, 147)"
"(142, 135, 151)","(149, 148, 164)","(155, 163, 184)","(112, 134, 158)","(59, 94, 126)","(31, 77, 111)","(18, 74, 111)","(34, 94, 131)","(32, 92, 126)","(20, 74, 102)","(46, 89, 108)","(50, 78, 89)","(86, 100, 101)","(168, 169, 163)","(186, 176, 164)","(164, 156, 143)","(142, 152, 143)","(155, 168, 161)","(131, 134, 127)","(172, 168, 159)","(160, 147, 138)","(174, 156, 144)","(180, 161, 146)","(166, 149, 131)","(150, 138, 116)","(145, 137, 114)","(144, 140, 115)","(150, 150, 126)","(167, 166, 145)","(180, 179, 159)","(183, 180, 163)","(177, 175, 160)","(169, 169, 157)","(171, 171, 159)","(180, 178, 166)","(173, 170, 155)","(152, 150, 127)","(141, 141, 113)","(135, 141, 105)","(122, 133, 99)","(121, 137, 111)","(107, 133, 120)","(81, 116, 120)","(49, 96, 112)","(37, 95, 115)","(40, 108, 129)","(36, 115, 130)","(24, 109, 129)","(31, 118, 148)","(27, 115, 153)","(18, 105, 148)","(6, 94, 140)","(3, 90, 143)","(4, 93, 149)","(4, 94, 154)","(1, 91, 153)","(1, 93, 156)","(0, 94, 156)","(0, 94, 155)","(0, 95, 153)","(0, 96, 153)","(0, 97, 149)","(0, 97, 149)","(0, 97, 147)"
"(201, 166, 170)","(206, 177, 182)","(218, 202, 212)","(189, 189, 201)","(134, 152, 166)","(87, 123, 139)","(63, 112, 129)","(80, 136, 151)","(93, 149, 162)","(62, 112, 121)","(64, 104, 104)","(78, 103, 97)","(134, 140, 126)","(189, 181, 162)","(194, 174, 149)","(206, 186, 161)","(172, 166, 144)","(156, 155, 137)","(172, 170, 158)","(178, 175, 168)","(158, 154, 151)","(173, 168, 165)","(180, 173, 167)","(154, 146, 135)","(152, 145, 126)","(152, 146, 120)","(149, 144, 114)","(147, 144, 113)","(153, 152, 124)","(165, 167, 145)","(174, 177, 160)","(172, 179, 163)","(179, 188, 169)","(171, 180, 163)","(175, 181, 171)","(168, 174, 164)","(136, 142, 128)","(109, 119, 95)","(105, 121, 85)","(107, 129, 91)","(111, 137, 110)","(105, 141, 131)","(83, 126, 142)","(47, 100, 132)","(26, 90, 128)","(26, 102, 136)","(26, 111, 132)","(18, 109, 130)","(10, 98, 134)","(8, 97, 141)","(4, 92, 140)","(1, 88, 141)","(3, 90, 144)","(6, 95, 153)","(6, 96, 158)","(3, 93, 156)","(1, 93, 156)","(0, 94, 156)","(0, 94, 155)","(0, 95, 153)","(0, 95, 153)","(0, 96, 149)","(0, 97, 149)","(0, 97, 147)"
"(210, 162, 158)","(195, 154, 150)","(201, 172, 168)","(194, 179, 176)","(179, 181, 178)","(168, 184, 181)","(158, 189, 183)","(178, 215, 208)","(187, 227, 218)","(181, 217, 205)","(169, 197, 182)","(149, 166, 148)","(163, 165, 144)","(189, 179, 154)","(200, 180, 153)","(215, 194, 165)","(204, 187, 159)","(134, 124, 99)","(134, 131, 116)","(142, 143, 138)","(143, 150, 156)","(165, 175, 184)","(178, 187, 192)","(167, 173, 169)","(163, 165, 151)","(168, 166, 143)","(161, 158, 127)","(145, 142, 109)","(134, 137, 108)","(138, 146, 123)","(142, 155, 138)","(142, 158, 145)","(151, 170, 150)","(126, 145, 126)","(120, 136, 126)","(124, 139, 132)","(111, 127, 116)","(97, 116, 96)","(98, 123, 91)","(102, 133, 99)","(94, 132, 109)","(95, 137, 133)","(78, 128, 153)","(47, 106, 148)","(21, 93, 141)","(12, 95, 139)","(7, 98, 129)","(0, 93, 124)","(3, 94, 138)","(5, 93, 143)","(4, 91, 144)","(3, 92, 148)","(4, 93, 151)","(4, 94, 154)","(3, 93, 156)","(0, 92, 155)","(1, 93, 158)","(0, 94, 156)","(0, 95, 156)","(0, 95, 153)","(0, 95, 153)","(0, 96, 149)","(0, 97, 149)","(0, 97, 147)"
"(220, 180, 168)","(200, 164, 150)","(193, 161, 146)","(180, 157, 139)","(185, 170, 147)","(199, 193, 167)","(200, 201, 170)","(211, 218, 185)","(186, 195, 164)","(202, 211, 180)","(197, 206, 177)","(162, 166, 141)","(123, 122, 101)","(142, 140, 119)","(191, 184, 166)","(193, 181, 159)","(211, 192, 160)","(167, 152, 123)","(116, 114, 101)","(120, 130, 132)","(110, 131, 148)","(117, 145, 166)","(129, 156, 173)","(138, 161, 169)","(158, 173, 166)","(167, 174, 156)","(159, 162, 133)","(137, 140, 109)","(120, 129, 102)","(114, 131, 112)","(108, 134, 123)","(102, 132, 124)","(97, 128, 113)","(79, 110, 94)","(77, 104, 95)","(85, 112, 105)","(88, 116, 104)","(92, 123, 105)","(98, 132, 107)","(93, 133, 109)","(84, 130, 119)","(77, 127, 134)","(58, 117, 149)","(34, 102, 149)","(16, 93, 147)","(7, 95, 145)","(0, 95, 137)","(0, 91, 133)","(8, 100, 151)","(9, 98, 154)","(9, 98, 156)","(8, 98, 158)","(6, 96, 158)","(3, 93, 156)","(1, 91, 154)","(0, 91, 156)","(1, 93, 158)","(0, 94, 156)","(0, 95, 156)","(0, 95, 153)","(0, 95, 153)","(0, 96, 149)","(0, 97, 149)","(0, 97, 147)"
"(200, 171, 155)","(202, 173, 155)","(209, 181, 160)","(195, 167, 143)","(197, 172, 142)","(216, 192, 158)","(211, 189, 152)","(209, 189, 152)","(202, 186, 152)","(192, 179, 147)","(202, 192, 165)","(199, 194, 174)","(123, 121, 108)","(105, 106, 98)","(173, 175, 172)","(180, 178, 166)","(192, 177, 148)","(231, 217, 190)","(153, 156, 149)","(142, 162, 173)","(87, 124, 151)","(59, 105, 139)","(48, 93, 124)","(56, 97, 117)","(134, 163, 167)","(146, 166, 155)","(144, 158, 135)","(127, 141, 115)","(115, 134, 114)","(109, 137, 123)","(98, 137, 136)","(86, 130, 131)","(80, 121, 115)","(79, 120, 112)","(85, 125, 116)","(83, 123, 112)","(79, 120, 106)","(86, 127, 111)","(86, 130, 113)","(72, 119, 109)","(76, 130, 132)","(58, 117, 133)","(34, 100, 134)","(14, 88, 135)","(5, 88, 142)","(1, 95, 149)","(0, 100, 152)","(0, 100, 152)","(0, 90, 147)","(0, 90, 150)","(3, 93, 153)","(4, 94, 156)","(3, 93, 156)","(0, 92, 155)","(1, 93, 158)","(5, 97, 162)","(0, 94, 158)","(0, 94, 156)","(0, 95, 155)","(0, 95, 153)","(0, 95, 153)","(0, 96, 151)","(0, 97, 149)","(0, 97, 147)"
"(208, 192, 177)","(195, 178, 162)","(196, 175, 156)","(210, 183, 162)","(215, 183, 158)","(204, 168, 142)","(196, 156, 130)","(196, 156, 131)","(206, 169, 150)","(216, 187, 171)","(219, 197, 186)","(187, 173, 170)","(169, 164, 170)","(109, 111, 123)","(121, 130, 147)","(181, 188, 194)","(207, 199, 180)","(201, 196, 174)","(180, 196, 196)","(174, 209, 229)","(122, 175, 215)","(45, 107, 156)","(18, 82, 126)","(20, 79, 113)","(53, 99, 115)","(89, 125, 125)","(122, 150, 136)","(123, 150, 133)","(107, 140, 129)","(100, 142, 140)","(75, 129, 139)","(41, 97, 110)","(49, 101, 112)","(78, 127, 131)","(83, 132, 126)","(76, 127, 112)","(76, 127, 108)","(63, 116, 100)","(53, 106, 100)","(62, 117, 122)","(34, 93, 111)","(26, 91, 119)","(19, 92, 125)","(11, 93, 133)","(4, 95, 142)","(0, 95, 149)","(0, 96, 156)","(0, 96, 161)","(0, 94, 156)","(1, 94, 155)","(1, 94, 155)","(1, 93, 156)","(1, 93, 156)","(1, 93, 158)","(1, 93, 158)","(0, 94, 158)","(0, 94, 156)","(0, 94, 156)","(0, 95, 155)","(0, 95, 153)","(0, 95, 153)","(0, 96, 151)","(0, 96, 149)","(0, 96, 149)"
"(188, 182, 158)","(184, 176, 153)","(193, 181, 157)","(216, 196, 171)","(231, 203, 179)","(229, 194, 172)","(218, 180, 159)","(213, 171, 155)","(214, 176, 163)","(207, 174, 167)","(200, 174, 173)","(193, 177, 180)","(176, 170, 180)","(111, 113, 126)","(100, 109, 126)","(153, 162, 169)","(171, 172, 158)","(192, 198, 184)","(178, 205, 214)","(141, 188, 218)","(63, 129, 179)","(0, 76, 134)","(6, 85, 141)","(31, 104, 149)","(28, 89, 117)","(53, 103, 114)","(91, 133, 132)","(107, 148, 144)","(85, 133, 133)","(57, 114, 123)","(36, 102, 124)","(24, 91, 117)","(28, 88, 112)","(53, 111, 125)","(67, 126, 122)","(70, 131, 116)","(72, 133, 115)","(63, 123, 111)","(44, 103, 109)","(31, 92, 111)","(26, 91, 121)","(24, 94, 130)","(19, 98, 131)","(14, 99, 136)","(6, 99, 142)","(0, 97, 150)","(0, 96, 162)","(0, 93, 164)","(0, 94, 158)","(0, 94, 156)","(1, 93, 156)","(0, 94, 156)","(1, 93, 156)","(0, 94, 156)","(0, 94, 158)","(0, 94, 156)","(0, 94, 156)","(0, 94, 155)","(0, 95, 155)","(0, 95, 153)","(0, 96, 151)","(0, 96, 151)","(0, 96, 149)","(0, 96, 149)"
"(167, 169, 129)","(167, 169, 129)","(177, 175, 137)","(192, 186, 152)","(209, 195, 166)","(212, 194, 170)","(203, 180, 162)","(192, 169, 155)","(195, 171, 161)","(190, 170, 163)","(176, 158, 154)","(183, 172, 170)","(171, 165, 165)","(129, 129, 129)","(100, 104, 103)","(125, 131, 127)","(164, 174, 165)","(140, 160, 158)","(78, 117, 134)","(33, 91, 128)","(5, 82, 138)","(0, 83, 147)","(5, 95, 158)","(0, 83, 138)","(15, 89, 128)","(23, 89, 113)","(63, 121, 133)","(95, 152, 161)","(70, 132, 145)","(24, 92, 113)","(7, 83, 115)","(16, 94, 132)","(18, 86, 123)","(32, 98, 124)","(50, 118, 121)","(61, 131, 121)","(67, 135, 120)","(69, 136, 129)","(49, 115, 129)","(18, 83, 113)","(19, 88, 129)","(21, 94, 135)","(20, 103, 137)","(17, 106, 140)","(9, 103, 141)","(0, 98, 147)","(0, 94, 161)","(0, 92, 163)","(0, 94, 158)","(0, 95, 155)","(0, 94, 155)","(0, 95, 155)","(0, 94, 155)","(0, 95, 155)","(0, 95, 156)","(0, 95, 155)","(0, 95, 155)","(0, 95, 155)","(0, 95, 155)","(0, 95, 153)","(0, 96, 151)","(0, 96, 151)","(0, 96, 151)","(0, 96, 151)"
"(154, 167, 121)","(156, 169, 123)","(156, 167, 125)","(156, 164, 125)","(160, 166, 132)","(167, 167, 139)","(165, 163, 140)","(160, 155, 135)","(160, 153, 135)","(179, 172, 156)","(162, 156, 142)","(162, 156, 142)","(149, 146, 129)","(152, 151, 133)","(126, 125, 105)","(119, 126, 110)","(71, 92, 87)","(62, 96, 105)","(32, 82, 107)","(19, 86, 129)","(15, 97, 157)","(10, 103, 172)","(14, 109, 177)","(0, 91, 152)","(12, 96, 143)","(11, 87, 123)","(44, 114, 140)","(77, 148, 170)","(57, 129, 154)","(11, 90, 121)","(0, 85, 126)","(17, 101, 147)","(18, 92, 137)","(18, 91, 124)","(34, 108, 121)","(44, 118, 119)","(45, 120, 116)","(58, 132, 133)","(53, 124, 144)","(21, 92, 124)","(13, 86, 129)","(17, 94, 138)","(20, 104, 141)","(19, 107, 143)","(11, 104, 145)","(2, 98, 148)","(0, 94, 157)","(0, 94, 161)","(0, 95, 156)","(0, 95, 153)","(0, 95, 155)","(0, 95, 153)","(0, 95, 155)","(0, 95, 153)","(0, 95, 155)","(0, 95, 153)","(0, 95, 155)","(0, 95, 153)","(0, 95, 153)","(0, 95, 153)","(0, 96, 151)","(0, 96, 151)","(0, 96, 151)","(0, 96, 151)"
"(130, 156, 117)","(136, 162, 123)","(136, 162, 123)","(131, 157, 118)","(129, 153, 117)","(134, 156, 120)","(138, 158, 123)","(140, 157, 121)","(132, 146, 111)","(156, 168, 132)","(149, 156, 122)","(146, 150, 115)","(133, 135, 98)","(154, 154, 116)","(148, 146, 107)","(139, 148, 121)","(143, 175, 172)","(105, 154, 171)","(51, 112, 143)","(22, 94, 142)","(0, 83, 145)","(0, 76, 145)","(0, 93, 162)","(2, 97, 161)","(5, 95, 148)","(2, 86, 132)","(21, 103, 140)","(45, 125, 160)","(32, 114, 151)","(10, 95, 136)","(4, 92, 140)","(9, 97, 147)","(13, 93, 142)","(10, 88, 127)","(21, 98, 126)","(26, 105, 122)","(22, 100, 112)","(32, 110, 123)","(36, 112, 135)","(16, 91, 122)","(13, 88, 127)","(16, 95, 136)","(19, 102, 144)","(18, 105, 148)","(12, 103, 148)","(5, 99, 150)","(1, 96, 152)","(0, 95, 155)","(0, 96, 153)","(0, 96, 151)","(0, 96, 153)","(0, 96, 151)","(0, 95, 153)","(0, 96, 151)","(0, 95, 153)","(0, 96, 151)","(0, 95, 153)","(0, 96, 151)","(0, 96, 151)","(0, 96, 151)","(0, 95, 153)","(0, 95, 153)","(0, 95, 153)","(0, 95, 153)"
"(77, 118, 104)","(85, 126, 110)","(98, 137, 118)","(106, 146, 122)","(108, 147, 118)","(110, 147, 113)","(114, 149, 109)","(120, 151, 107)","(121, 147, 100)","(127, 149, 102)","(131, 147, 100)","(143, 152, 107)","(134, 140, 96)","(141, 142, 100)","(150, 148, 109)","(154, 167, 141)","(131, 172, 176)","(72, 132, 156)","(20, 85, 123)","(22, 98, 147)","(31, 115, 177)","(14, 105, 175)","(6, 100, 170)","(0, 86, 152)","(0, 95, 153)","(0, 89, 140)","(8, 96, 142)","(17, 106, 148)","(13, 102, 146)","(11, 99, 147)","(9, 99, 151)","(2, 92, 144)","(10, 93, 143)","(9, 92, 136)","(19, 101, 139)","(27, 107, 140)","(21, 101, 128)","(16, 96, 119)","(14, 94, 117)","(10, 90, 115)","(22, 101, 132)","(21, 100, 139)","(18, 100, 147)","(16, 99, 151)","(12, 99, 152)","(9, 99, 151)","(4, 99, 147)","(1, 97, 147)","(0, 96, 149)","(0, 96, 151)","(0, 96, 151)","(0, 97, 149)","(0, 96, 151)","(0, 96, 149)","(0, 96, 151)","(0, 96, 151)","(0, 96, 151)","(0, 96, 151)","(0, 96, 151)","(0, 96, 151)","(0, 95, 153)","(0, 95, 153)","(0, 95, 153)","(0, 95, 153)"
"(32, 87, 118)","(35, 89, 115)","(52, 103, 120)","(75, 124, 129)","(88, 135, 125)","(89, 133, 110)","(89, 129, 94)","(97, 130, 87)","(106, 134, 85)","(104, 127, 75)","(122, 140, 92)","(133, 146, 102)","(140, 148, 111)","(135, 140, 108)","(147, 149, 125)","(138, 155, 145)","(97, 145, 157)","(54, 121, 150)","(10, 82, 122)","(4, 80, 130)","(0, 80, 140)","(0, 72, 139)","(0, 91, 160)","(4, 99, 165)","(3, 97, 158)","(0, 92, 148)","(3, 97, 148)","(8, 100, 149)","(4, 96, 145)","(9, 99, 151)","(10, 99, 155)","(1, 91, 144)","(8, 96, 142)","(11, 98, 143)","(19, 102, 152)","(32, 114, 162)","(34, 116, 156)","(17, 97, 130)","(9, 91, 113)","(21, 104, 122)","(37, 119, 143)","(30, 110, 145)","(19, 101, 151)","(14, 96, 154)","(12, 96, 156)","(11, 98, 151)","(8, 100, 139)","(2, 98, 136)","(0, 97, 146)","(0, 97, 149)","(0, 97, 149)","(0, 97, 147)","(0, 97, 149)","(0, 97, 147)","(0, 97, 149)","(0, 97, 149)","(0, 96, 149)","(0, 96, 149)","(0, 96, 151)","(0, 96, 151)","(0, 95, 153)","(0, 95, 153)","(0, 94, 155)","(0, 94, 155)"
"(20, 93, 144)","(14, 85, 131)","(29, 91, 132)","(58, 114, 139)","(79, 128, 132)","(77, 124, 106)","(72, 118, 82)","(77, 118, 74)","(79, 114, 72)","(90, 117, 74)","(120, 139, 94)","(119, 134, 91)","(137, 152, 113)","(139, 153, 127)","(144, 159, 154)","(106, 135, 149)","(32, 93, 122)","(19, 97, 136)","(9, 87, 133)","(18, 99, 152)","(15, 101, 160)","(0, 90, 152)","(3, 97, 159)","(0, 93, 154)","(2, 98, 158)","(0, 93, 148)","(1, 96, 150)","(4, 99, 153)","(0, 93, 147)","(2, 93, 150)","(6, 95, 155)","(2, 88, 147)","(9, 92, 144)","(13, 95, 145)","(14, 95, 148)","(32, 112, 161)","(44, 123, 162)","(22, 103, 130)","(12, 94, 108)","(40, 120, 131)","(54, 131, 147)","(41, 118, 146)","(25, 102, 148)","(17, 94, 150)","(15, 94, 150)","(15, 99, 146)","(11, 100, 134)","(5, 98, 131)","(3, 96, 137)","(1, 96, 140)","(1, 96, 140)","(1, 96, 140)","(1, 96, 144)","(0, 96, 146)","(0, 95, 149)","(0, 95, 151)","(0, 95, 151)","(0, 95, 149)","(0, 96, 147)","(0, 96, 147)","(0, 95, 149)","(0, 95, 153)","(0, 94, 158)","(0, 94, 162)"
"(5, 106, 150)","(0, 87, 134)","(9, 78, 133)","(61, 116, 155)","(82, 131, 136)","(92, 140, 118)","(57, 109, 70)","(76, 127, 86)","(72, 114, 92)","(84, 117, 96)","(119, 141, 105)","(105, 124, 78)","(132, 156, 104)","(132, 161, 131)","(92, 129, 147)","(33, 86, 130)","(17, 92, 147)","(1, 90, 148)","(0, 91, 148)","(2, 95, 152)","(0, 95, 151)","(0, 91, 146)","(0, 92, 147)","(0, 98, 153)","(0, 97, 149)","(0, 97, 149)","(0, 96, 149)","(0, 95, 151)","(1, 94, 155)","(3, 93, 156)","(4, 91, 158)","(7, 90, 156)","(14, 88, 153)","(18, 88, 148)","(21, 95, 142)","(29, 105, 139)","(37, 116, 133)","(40, 119, 124)","(36, 115, 112)","(33, 107, 106)","(49, 117, 126)","(44, 111, 130)","(39, 105, 137)","(35, 102, 144)","(28, 101, 144)","(21, 99, 138)","(20, 104, 138)","(25, 112, 142)","(29, 114, 145)","(22, 107, 138)","(12, 99, 127)","(12, 98, 131)","(4, 89, 130)","(8, 94, 143)","(20, 106, 167)","(1, 86, 151)","(4, 93, 153)","(1, 92, 145)","(0, 94, 136)","(0, 96, 135)","(1, 99, 144)","(0, 99, 156)","(0, 96, 169)","(0, 93, 174)"
"(0, 102, 143)","(0, 87, 135)","(21, 95, 156)","(35, 89, 136)","(83, 130, 136)","(86, 132, 106)","(76, 129, 85)","(78, 129, 88)","(88, 130, 116)","(86, 118, 107)","(119, 140, 109)","(130, 149, 103)","(134, 163, 107)","(102, 141, 110)","(49, 100, 129)","(18, 84, 144)","(9, 93, 157)","(1, 95, 159)","(1, 95, 157)","(1, 97, 155)","(0, 96, 151)","(0, 94, 146)","(0, 94, 146)","(0, 97, 149)","(0, 97, 149)","(0, 97, 149)","(0, 96, 151)","(0, 95, 153)","(1, 93, 156)","(1, 93, 158)","(3, 92, 160)","(7, 90, 160)","(15, 89, 160)","(14, 88, 151)","(14, 92, 140)","(17, 100, 132)","(24, 110, 125)","(27, 114, 121)","(28, 111, 115)","(28, 107, 114)","(36, 107, 125)","(37, 104, 131)","(36, 102, 137)","(28, 97, 136)","(16, 90, 129)","(10, 90, 127)","(18, 105, 135)","(33, 120, 147)","(29, 109, 134)","(50, 128, 151)","(51, 132, 153)","(32, 114, 138)","(20, 102, 139)","(11, 93, 143)","(6, 87, 152)","(17, 100, 170)","(8, 93, 158)","(3, 94, 147)","(0, 95, 135)","(0, 97, 132)","(0, 99, 140)","(0, 98, 153)","(0, 93, 170)","(0, 90, 177)"
"(0, 100, 143)","(0, 97, 146)","(27, 101, 162)","(21, 75, 122)","(72, 115, 121)","(99, 139, 113)","(105, 148, 102)","(101, 142, 98)","(108, 141, 122)","(106, 130, 114)","(129, 144, 111)","(144, 161, 117)","(127, 155, 104)","(94, 134, 108)","(33, 86, 118)","(13, 81, 142)","(5, 87, 147)","(3, 93, 153)","(5, 96, 153)","(1, 94, 151)","(0, 94, 148)","(0, 96, 149)","(0, 96, 149)","(0, 95, 150)","(0, 96, 151)","(0, 95, 153)","(0, 95, 153)","(0, 94, 155)","(1, 93, 156)","(1, 93, 156)","(3, 92, 158)","(4, 91, 158)","(7, 94, 163)","(4, 92, 156)","(0, 92, 144)","(0, 96, 139)","(3, 103, 137)","(7, 108, 138)","(10, 107, 139)","(13, 106, 140)","(15, 99, 143)","(15, 95, 144)","(19, 96, 150)","(20, 100, 151)","(17, 101, 147)","(8, 98, 135)","(2, 97, 125)","(5, 97, 120)","(25, 103, 125)","(53, 128, 149)","(67, 144, 164)","(37, 117, 142)","(33, 113, 150)","(21, 103, 153)","(0, 74, 140)","(22, 109, 180)","(7, 96, 162)","(3, 96, 153)","(0, 97, 139)","(0, 99, 135)","(1, 98, 140)","(0, 97, 150)","(0, 92, 166)","(0, 88, 171)"
"(0, 101, 148)","(3, 107, 158)","(11, 85, 148)","(26, 78, 125)","(56, 97, 103)","(121, 155, 130)","(116, 149, 102)","(122, 154, 105)","(118, 141, 115)","(132, 147, 126)","(138, 149, 115)","(134, 151, 109)","(111, 140, 94)","(111, 154, 135)","(48, 106, 143)","(13, 83, 143)","(4, 85, 140)","(5, 92, 145)","(4, 94, 147)","(0, 91, 144)","(0, 93, 147)","(2, 97, 151)","(2, 97, 153)","(0, 93, 151)","(0, 95, 155)","(0, 95, 155)","(0, 94, 155)","(0, 94, 155)","(1, 94, 155)","(1, 94, 155)","(3, 93, 155)","(1, 93, 156)","(3, 97, 161)","(0, 95, 158)","(0, 95, 150)","(0, 97, 146)","(0, 101, 147)","(0, 103, 150)","(0, 104, 156)","(2, 101, 158)","(3, 95, 158)","(9, 94, 159)","(17, 97, 160)","(22, 101, 157)","(18, 101, 145)","(10, 97, 127)","(7, 98, 117)","(14, 100, 113)","(28, 100, 115)","(29, 95, 111)","(53, 122, 137)","(31, 104, 123)","(28, 104, 138)","(31, 112, 159)","(0, 80, 144)","(13, 101, 172)","(2, 95, 162)","(1, 97, 155)","(0, 99, 141)","(0, 100, 136)","(1, 98, 140)","(1, 97, 148)","(1, 92, 163)","(0, 89, 169)"
"(0, 102, 152)","(0, 99, 154)","(4, 78, 141)","(33, 85, 132)","(72, 109, 117)","(133, 161, 136)","(123, 147, 99)","(130, 148, 98)","(128, 137, 106)","(141, 147, 121)","(139, 146, 112)","(127, 143, 104)","(108, 140, 101)","(118, 166, 154)","(54, 117, 158)","(11, 85, 146)","(20, 102, 150)","(16, 100, 146)","(9, 95, 144)","(4, 92, 142)","(4, 94, 147)","(7, 98, 153)","(3, 96, 155)","(0, 91, 152)","(0, 94, 156)","(0, 94, 156)","(0, 94, 156)","(0, 94, 155)","(1, 94, 155)","(1, 94, 153)","(1, 94, 151)","(0, 95, 153)","(0, 97, 156)","(0, 97, 155)","(0, 98, 154)","(0, 99, 154)","(0, 100, 156)","(0, 101, 161)","(0, 98, 166)","(0, 96, 168)","(0, 90, 166)","(11, 91, 164)","(19, 93, 158)","(22, 92, 144)","(20, 90, 124)","(28, 101, 118)","(54, 129, 132)","(82, 152, 150)","(56, 111, 116)","(23, 76, 82)","(57, 114, 121)","(42, 106, 118)","(13, 85, 110)","(27, 104, 146)","(7, 91, 153)","(2, 90, 161)","(0, 93, 163)","(0, 95, 156)","(0, 99, 145)","(0, 100, 138)","(1, 98, 140)","(2, 96, 147)","(5, 94, 162)","(7, 93, 168)"
"(0, 103, 157)","(0, 88, 146)","(19, 94, 159)","(35, 89, 136)","(108, 142, 151)","(138, 160, 137)","(140, 156, 109)","(136, 144, 93)","(144, 144, 110)","(135, 134, 106)","(135, 141, 107)","(131, 148, 114)","(112, 147, 117)","(91, 143, 139)","(35, 102, 147)","(13, 92, 151)","(46, 127, 172)","(29, 112, 152)","(14, 98, 142)","(9, 95, 142)","(10, 97, 150)","(7, 96, 152)","(2, 92, 154)","(0, 89, 154)","(0, 94, 158)","(0, 94, 158)","(0, 94, 158)","(0, 94, 156)","(1, 94, 153)","(1, 94, 151)","(1, 95, 149)","(0, 96, 147)","(0, 95, 148)","(0, 97, 151)","(0, 99, 154)","(0, 100, 156)","(0, 100, 159)","(0, 99, 163)","(0, 95, 165)","(0, 92, 162)","(10, 88, 160)","(11, 78, 146)","(21, 78, 133)","(45, 97, 136)","(76, 124, 144)","(99, 147, 147)","(114, 162, 146)","(125, 168, 149)","(99, 134, 127)","(64, 99, 95)","(95, 137, 133)","(78, 129, 130)","(18, 79, 97)","(15, 88, 121)","(15, 96, 152)","(0, 89, 157)","(0, 91, 161)","(0, 96, 158)","(0, 100, 149)","(0, 100, 142)","(1, 98, 141)","(2, 96, 147)","(7, 95, 159)","(11, 95, 167)"
"(0, 102, 159)","(0, 93, 152)","(20, 99, 165)","(30, 86, 135)","(103, 139, 151)","(145, 164, 145)","(156, 165, 122)","(155, 154, 106)","(162, 156, 120)","(139, 134, 105)","(143, 148, 118)","(127, 147, 120)","(96, 137, 119)","(48, 105, 112)","(16, 88, 138)","(26, 106, 167)","(65, 144, 185)","(34, 114, 149)","(9, 91, 129)","(10, 93, 137)","(13, 99, 150)","(8, 94, 153)","(0, 90, 153)","(0, 91, 158)","(0, 93, 162)","(0, 93, 162)","(0, 93, 160)","(0, 94, 156)","(0, 95, 153)","(0, 95, 149)","(1, 95, 147)","(3, 95, 144)","(3, 93, 143)","(3, 95, 144)","(0, 96, 146)","(0, 96, 147)","(0, 95, 150)","(0, 94, 150)","(4, 93, 151)","(14, 91, 147)","(31, 92, 146)","(39, 86, 130)","(61, 94, 127)","(103, 126, 142)","(143, 159, 156)","(160, 172, 152)","(154, 164, 129)","(144, 152, 115)","(144, 152, 131)","(125, 138, 121)","(135, 158, 140)","(115, 151, 139)","(53, 102, 106)","(25, 87, 110)","(22, 96, 145)","(6, 91, 155)","(0, 93, 162)","(0, 97, 162)","(0, 101, 153)","(0, 102, 147)","(0, 98, 143)","(0, 96, 146)","(5, 95, 158)","(8, 95, 164)"
"(0, 96, 156)","(0, 100, 162)","(1, 82, 147)","(20, 80, 130)","(64, 103, 120)","(145, 165, 154)","(155, 161, 125)","(169, 166, 123)","(172, 163, 130)","(150, 146, 119)","(153, 163, 139)","(109, 136, 119)","(71, 118, 112)","(16, 82, 98)","(13, 90, 144)","(40, 122, 182)","(67, 146, 185)","(28, 109, 139)","(1, 81, 118)","(5, 88, 130)","(15, 98, 150)","(6, 92, 151)","(1, 89, 153)","(3, 95, 162)","(1, 92, 163)","(0, 93, 162)","(0, 93, 162)","(0, 94, 158)","(0, 95, 153)","(0, 95, 149)","(1, 95, 146)","(3, 95, 144)","(7, 92, 146)","(7, 92, 146)","(3, 93, 145)","(1, 93, 144)","(0, 92, 143)","(3, 91, 139)","(13, 91, 137)","(25, 90, 132)","(50, 99, 132)","(84, 116, 139)","(124, 141, 151)","(152, 154, 151)","(157, 150, 131)","(157, 142, 109)","(166, 147, 104)","(176, 157, 114)","(172, 157, 126)","(169, 162, 136)","(154, 159, 129)","(136, 155, 133)","(92, 129, 121)","(45, 99, 111)","(27, 94, 136)","(11, 92, 148)","(5, 94, 160)","(1, 99, 164)","(1, 102, 156)","(0, 103, 150)","(0, 98, 144)","(0, 95, 146)","(1, 93, 156)","(5, 94, 162)"
"(0, 97, 156)","(0, 98, 160)","(6, 91, 155)","(15, 81, 133)","(54, 98, 123)","(122, 148, 147)","(166, 174, 150)","(162, 162, 128)","(163, 159, 132)","(142, 145, 124)","(129, 147, 133)","(114, 151, 144)","(64, 122, 126)","(12, 84, 109)","(8, 89, 144)","(42, 126, 186)","(46, 128, 166)","(24, 105, 135)","(7, 87, 124)","(7, 90, 132)","(13, 96, 148)","(8, 94, 153)","(3, 91, 155)","(1, 93, 160)","(1, 92, 163)","(0, 93, 162)","(0, 93, 162)","(0, 94, 158)","(0, 95, 153)","(0, 95, 149)","(1, 95, 146)","(3, 94, 147)","(7, 91, 153)","(7, 91, 155)","(6, 92, 153)","(4, 93, 149)","(6, 94, 144)","(10, 93, 135)","(17, 92, 124)","(28, 88, 112)","(90, 132, 146)","(141, 165, 169)","(140, 143, 136)","(142, 131, 113)","(169, 145, 117)","(174, 141, 106)","(176, 137, 96)","(177, 138, 97)","(168, 135, 102)","(181, 158, 126)","(174, 164, 128)","(147, 154, 121)","(114, 141, 122)","(74, 119, 122)","(37, 98, 129)","(16, 92, 142)","(5, 90, 154)","(0, 93, 157)","(0, 98, 152)","(0, 102, 150)","(0, 102, 150)","(0, 99, 151)","(0, 92, 154)","(0, 86, 156)"
"(0, 97, 155)","(0, 99, 159)","(7, 95, 159)","(11, 84, 137)","(37, 90, 124)","(97, 131, 141)","(148, 164, 153)","(157, 165, 144)","(153, 158, 138)","(148, 162, 147)","(120, 151, 146)","(71, 120, 125)","(29, 96, 113)","(12, 92, 127)","(9, 94, 149)","(9, 95, 154)","(24, 107, 147)","(13, 93, 128)","(4, 86, 124)","(8, 91, 135)","(9, 95, 146)","(4, 90, 149)","(2, 92, 155)","(5, 97, 164)","(0, 93, 162)","(0, 93, 162)","(0, 93, 160)","(0, 94, 156)","(0, 95, 153)","(0, 95, 149)","(1, 95, 147)","(1, 94, 151)","(4, 91, 160)","(3, 91, 163)","(1, 92, 162)","(1, 93, 156)","(3, 94, 147)","(7, 94, 137)","(16, 93, 123)","(27, 90, 107)","(69, 114, 119)","(130, 155, 151)","(140, 146, 134)","(147, 139, 120)","(168, 146, 123)","(168, 136, 111)","(172, 135, 108)","(178, 139, 110)","(185, 150, 122)","(182, 156, 123)","(167, 153, 114)","(151, 155, 120)","(141, 165, 141)","(107, 149, 147)","(49, 109, 135)","(9, 81, 129)","(8, 92, 152)","(0, 94, 156)","(0, 95, 149)","(0, 97, 145)","(0, 97, 145)","(0, 97, 149)","(1, 97, 158)","(2, 95, 162)"
"(0, 97, 152)","(1, 97, 155)","(5, 97, 160)","(6, 88, 144)","(18, 82, 126)","(61, 108, 134)","(115, 144, 148)","(138, 159, 152)","(138, 157, 151)","(134, 163, 159)","(94, 141, 149)","(36, 99, 117)","(5, 84, 115)","(12, 99, 142)","(10, 99, 155)","(0, 81, 137)","(7, 91, 135)","(5, 88, 128)","(6, 90, 134)","(9, 95, 142)","(7, 94, 147)","(0, 88, 144)","(0, 90, 152)","(7, 99, 164)","(0, 94, 158)","(0, 94, 158)","(0, 94, 158)","(0, 94, 156)","(1, 94, 153)","(1, 94, 151)","(1, 95, 149)","(0, 94, 155)","(0, 93, 170)","(0, 93, 176)","(0, 94, 172)","(0, 96, 165)","(0, 96, 156)","(0, 96, 144)","(9, 95, 130)","(18, 93, 114)","(52, 109, 118)","(115, 155, 154)","(136, 159, 153)","(142, 152, 144)","(151, 148, 141)","(142, 131, 127)","(147, 131, 131)","(154, 135, 129)","(185, 159, 146)","(177, 157, 133)","(153, 147, 113)","(142, 152, 118)","(139, 167, 144)","(110, 155, 150)","(54, 114, 138)","(13, 86, 131)","(8, 92, 152)","(1, 95, 157)","(0, 96, 151)","(0, 97, 146)","(0, 95, 143)","(0, 95, 145)","(0, 96, 156)","(4, 98, 162)"
"(1, 97, 148)","(0, 94, 148)","(3, 99, 160)","(5, 95, 155)","(5, 82, 134)","(30, 92, 131)","(74, 119, 140)","(100, 137, 146)","(106, 141, 147)","(86, 130, 139)","(50, 112, 133)","(20, 96, 128)","(3, 92, 136)","(2, 96, 147)","(5, 96, 153)","(3, 92, 148)","(7, 93, 140)","(8, 92, 138)","(9, 95, 144)","(11, 99, 149)","(6, 96, 149)","(0, 90, 145)","(0, 91, 150)","(3, 97, 158)","(0, 94, 156)","(0, 94, 156)","(0, 94, 156)","(0, 94, 155)","(1, 94, 155)","(1, 94, 153)","(1, 94, 151)","(0, 94, 158)","(0, 94, 170)","(0, 94, 176)","(0, 96, 174)","(0, 96, 170)","(0, 97, 163)","(0, 97, 153)","(3, 96, 139)","(11, 94, 124)","(39, 107, 126)","(91, 145, 157)","(107, 147, 155)","(109, 139, 147)","(104, 126, 139)","(89, 106, 122)","(93, 108, 131)","(100, 107, 126)","(137, 132, 138)","(153, 148, 142)","(151, 160, 141)","(139, 163, 139)","(120, 159, 141)","(83, 135, 133)","(38, 104, 130)","(15, 92, 138)","(6, 90, 150)","(2, 94, 157)","(3, 100, 155)","(1, 101, 151)","(0, 98, 145)","(0, 95, 145)","(0, 93, 150)","(1, 94, 153)"
"(4, 95, 142)","(0, 89, 140)","(0, 98, 158)","(4, 102, 165)","(0, 90, 152)","(9, 86, 140)","(38, 98, 135)","(55, 106, 133)","(53, 105, 126)","(33, 95, 118)","(12, 91, 124)","(4, 97, 141)","(0, 96, 151)","(0, 91, 150)","(0, 91, 145)","(8, 98, 151)","(11, 98, 151)","(8, 95, 148)","(5, 95, 148)","(5, 96, 149)","(3, 97, 151)","(0, 94, 148)","(0, 94, 150)","(0, 96, 154)","(0, 95, 155)","(0, 95, 155)","(0, 94, 155)","(0, 94, 155)","(1, 94, 155)","(1, 94, 155)","(3, 93, 155)","(0, 94, 158)","(0, 95, 163)","(0, 96, 167)","(0, 97, 169)","(0, 97, 169)","(0, 97, 165)","(0, 97, 160)","(0, 96, 151)","(6, 94, 142)","(14, 94, 131)","(45, 116, 146)","(48, 109, 138)","(47, 104, 133)","(38, 92, 126)","(26, 80, 118)","(31, 85, 131)","(35, 80, 122)","(64, 89, 120)","(105, 126, 143)","(129, 160, 162)","(126, 169, 162)","(98, 153, 148)","(51, 118, 126)","(17, 92, 123)","(8, 90, 138)","(3, 91, 154)","(1, 93, 158)","(1, 96, 152)","(2, 98, 148)","(3, 98, 142)","(6, 99, 143)","(10, 100, 152)","(13, 100, 154)"
"(7, 94, 137)","(0, 88, 137)","(0, 97, 156)","(0, 105, 171)","(0, 96, 164)","(0, 89, 152)","(15, 88, 139)","(22, 87, 129)","(16, 82, 114)","(14, 90, 122)","(3, 96, 140)","(0, 96, 149)","(0, 96, 158)","(0, 98, 160)","(2, 96, 150)","(4, 94, 146)","(7, 96, 154)","(2, 92, 152)","(0, 90, 147)","(0, 91, 148)","(0, 95, 149)","(1, 98, 151)","(1, 98, 151)","(0, 97, 152)","(0, 96, 151)","(0, 95, 153)","(0, 95, 153)","(0, 94, 155)","(1, 93, 156)","(1, 93, 156)","(3, 92, 158)","(1, 94, 155)","(0, 96, 149)","(0, 96, 151)","(0, 96, 156)","(0, 96, 160)","(0, 95, 163)","(0, 95, 163)","(0, 94, 160)","(3, 93, 153)","(4, 87, 141)","(16, 97, 144)","(10, 87, 131)","(11, 88, 132)","(7, 85, 134)","(1, 82, 137)","(8, 94, 155)","(7, 83, 143)","(26, 79, 131)","(55, 100, 139)","(66, 121, 141)","(66, 129, 138)","(51, 124, 131)","(24, 103, 118)","(6, 90, 127)","(9, 96, 149)","(5, 95, 158)","(0, 93, 157)","(0, 90, 147)","(0, 93, 141)","(6, 97, 141)","(16, 105, 147)","(25, 109, 156)","(27, 110, 160)"
"(11, 94, 134)","(0, 89, 134)","(0, 98, 156)","(0, 104, 170)","(0, 97, 172)","(0, 93, 166)","(8, 92, 154)","(9, 86, 138)","(8, 87, 128)","(8, 96, 136)","(0, 102, 155)","(0, 101, 163)","(0, 99, 166)","(0, 101, 164)","(4, 98, 150)","(6, 93, 146)","(1, 91, 153)","(0, 92, 156)","(0, 92, 154)","(0, 93, 151)","(0, 96, 151)","(0, 99, 151)","(0, 99, 151)","(0, 98, 150)","(0, 97, 149)","(0, 97, 149)","(0, 96, 151)","(0, 95, 153)","(1, 93, 156)","(1, 93, 158)","(3, 92, 160)","(4, 93, 151)","(7, 95, 131)","(7, 96, 128)","(4, 95, 139)","(3, 94, 147)","(1, 93, 156)","(1, 92, 162)","(3, 91, 163)","(4, 91, 162)","(7, 90, 156)","(10, 94, 156)","(2, 87, 144)","(5, 96, 151)","(0, 95, 155)","(0, 98, 161)","(2, 111, 178)","(0, 96, 166)","(12, 91, 160)","(20, 90, 150)","(14, 89, 128)","(12, 94, 118)","(14, 102, 122)","(3, 97, 122)","(0, 93, 137)","(7, 102, 158)","(2, 95, 162)","(0, 91, 158)","(0, 91, 148)","(7, 98, 145)","(18, 106, 146)","(26, 111, 150)","(27, 108, 153)","(25, 103, 149)"
"(12, 95, 137)","(3, 91, 137)","(0, 98, 154)","(0, 100, 164)","(0, 93, 166)","(0, 96, 166)","(11, 99, 163)","(9, 94, 149)","(13, 97, 144)","(0, 91, 138)","(0, 93, 148)","(0, 101, 162)","(0, 100, 164)","(0, 91, 154)","(0, 90, 142)","(7, 97, 149)","(0, 91, 152)","(0, 95, 159)","(3, 99, 160)","(0, 99, 158)","(0, 98, 155)","(0, 99, 153)","(0, 98, 150)","(0, 97, 149)","(0, 97, 149)","(0, 97, 149)","(0, 96, 151)","(0, 95, 153)","(0, 94, 156)","(1, 93, 158)","(3, 92, 160)","(4, 93, 151)","(7, 95, 131)","(7, 96, 126)","(4, 96, 135)","(3, 95, 146)","(1, 94, 155)","(1, 93, 160)","(3, 91, 163)","(3, 91, 163)","(3, 92, 160)","(4, 93, 159)","(0, 90, 152)","(1, 99, 160)","(0, 98, 160)","(0, 96, 160)","(0, 108, 177)","(0, 91, 161)","(0, 93, 165)","(6, 94, 158)","(5, 96, 143)","(10, 104, 140)","(16, 113, 145)","(6, 104, 139)","(0, 92, 139)","(0, 94, 152)","(0, 93, 157)","(0, 93, 157)","(5, 98, 155)","(19, 109, 159)","(30, 119, 163)","(30, 114, 158)","(18, 100, 147)","(6, 88, 135)"
"(8, 94, 143)","(7, 95, 145)","(4, 95, 148)","(1, 96, 152)","(2, 95, 154)","(2, 95, 154)","(7, 93, 150)","(7, 94, 147)","(8, 94, 145)","(5, 95, 145)","(2, 96, 148)","(1, 96, 152)","(1, 96, 152)","(2, 95, 152)","(5, 95, 147)","(5, 95, 148)","(0, 88, 147)","(0, 95, 156)","(3, 99, 159)","(0, 98, 157)","(0, 94, 153)","(0, 94, 150)","(0, 100, 156)","(4, 108, 163)","(0, 99, 154)","(0, 91, 147)","(0, 90, 146)","(0, 97, 156)","(4, 103, 162)","(3, 99, 160)","(0, 94, 156)","(0, 94, 152)","(3, 100, 151)","(0, 98, 147)","(0, 94, 146)","(0, 93, 149)","(0, 95, 155)","(0, 98, 160)","(0, 99, 161)","(0, 98, 160)","(0, 91, 153)","(0, 95, 155)","(0, 97, 157)","(0, 97, 156)","(0, 96, 157)","(0, 99, 159)","(0, 99, 161)","(0, 97, 157)","(2, 103, 159)","(3, 100, 151)","(0, 98, 145)","(0, 96, 139)","(0, 95, 138)","(0, 95, 140)","(1, 95, 146)","(2, 96, 150)","(2, 95, 154)","(2, 95, 154)","(7, 100, 157)","(15, 109, 163)","(17, 108, 161)","(9, 100, 153)","(4, 95, 148)","(4, 95, 148)"
"(5, 94, 150)","(4, 95, 150)","(5, 94, 150)","(4, 95, 150)","(5, 94, 150)","(4, 95, 150)","(5, 94, 150)","(4, 95, 150)","(5, 94, 150)","(4, 95, 150)","(5, 94, 150)","(4, 95, 150)","(5, 94, 150)","(4, 95, 150)","(5, 94, 150)","(4, 95, 150)","(4, 95, 152)","(1, 94, 151)","(2, 95, 152)","(4, 99, 155)","(7, 102, 158)","(3, 100, 155)","(0, 92, 147)","(0, 86, 141)","(12, 111, 166)","(1, 100, 155)","(0, 92, 147)","(0, 90, 146)","(0, 89, 145)","(0, 86, 143)","(0, 87, 144)","(0, 90, 147)","(0, 93, 148)","(0, 96, 151)","(1, 100, 157)","(3, 102, 157)","(2, 101, 158)","(0, 98, 153)","(0, 94, 151)","(0, 92, 147)","(4, 103, 160)","(0, 99, 154)","(0, 98, 155)","(2, 101, 156)","(1, 100, 157)","(0, 95, 150)","(0, 96, 153)","(1, 102, 156)","(0, 88, 136)","(0, 90, 138)","(0, 93, 142)","(0, 97, 146)","(1, 98, 149)","(3, 98, 152)","(4, 98, 152)","(4, 98, 152)","(2, 95, 152)","(0, 92, 149)","(1, 94, 151)","(6, 99, 156)","(5, 100, 158)","(0, 95, 153)","(0, 93, 151)","(0, 96, 154)"
"(1, 95, 156)","(0, 96, 156)","(1, 95, 156)","(0, 96, 156)","(1, 95, 156)","(0, 96, 156)","(1, 95, 156)","(0, 96, 156)","(1, 95, 156)","(0, 96, 156)","(1, 95, 156)","(0, 96, 156)","(1, 95, 156)","(0, 96, 156)","(1, 95, 156)","(2, 95, 154)","(15, 100, 155)","(12, 95, 147)","(7, 90, 142)","(5, 91, 142)","(8, 96, 146)","(9, 99, 149)","(8, 98, 148)","(6, 96, 146)","(5, 95, 145)","(2, 92, 142)","(5, 93, 143)","(10, 98, 148)","(12, 98, 149)","(13, 96, 148)","(14, 97, 149)","(17, 100, 152)","(5, 93, 143)","(4, 95, 142)","(4, 94, 144)","(1, 92, 139)","(0, 88, 138)","(0, 88, 135)","(0, 90, 140)","(4, 95, 142)","(6, 96, 146)","(0, 89, 136)","(0, 86, 136)","(1, 92, 139)","(1, 91, 141)","(0, 86, 133)","(0, 85, 135)","(0, 94, 145)","(0, 104, 157)","(0, 105, 159)","(0, 105, 160)","(0, 104, 159)","(0, 101, 157)","(0, 97, 154)","(0, 93, 151)","(0, 90, 148)","(2, 97, 155)","(0, 93, 151)","(0, 92, 150)","(0, 94, 152)","(0, 94, 152)","(0, 92, 150)","(0, 94, 149)","(1, 98, 153)"
"(0, 95, 158)","(0, 96, 158)","(0, 95, 158)","(0, 96, 158)","(0, 95, 158)","(0, 96, 158)","(0, 95, 158)","(0, 96, 158)","(0, 95, 158)","(0, 96, 158)","(0, 95, 158)","(0, 96, 158)","(0, 95, 158)","(0, 96, 158)","(0, 95, 158)","(0, 94, 155)","(3, 90, 144)","(7, 90, 142)","(7, 90, 144)","(1, 87, 138)","(0, 84, 137)","(0, 87, 137)","(3, 93, 145)","(9, 99, 149)","(3, 93, 145)","(4, 94, 144)","(7, 94, 147)","(7, 95, 145)","(5, 90, 144)","(3, 86, 138)","(4, 85, 140)","(4, 87, 139)","(10, 96, 147)","(10, 96, 145)","(8, 94, 143)","(6, 92, 141)","(5, 91, 140)","(6, 92, 141)","(8, 94, 143)","(11, 97, 146)","(12, 98, 147)","(10, 96, 145)","(9, 95, 144)","(11, 97, 146)","(12, 98, 147)","(12, 98, 147)","(11, 97, 146)","(7, 99, 150)","(0, 97, 152)","(0, 97, 154)","(0, 95, 153)","(0, 94, 152)","(0, 93, 152)","(0, 94, 154)","(0, 95, 156)","(2, 96, 157)","(3, 97, 158)","(1, 95, 156)","(0, 94, 152)","(0, 94, 152)","(0, 94, 152)","(0, 94, 152)","(0, 97, 152)","(2, 99, 154)"
"(0, 95, 160)","(0, 96, 160)","(0, 95, 160)","(0, 96, 160)","(0, 95, 160)","(0, 96, 160)","(0, 95, 160)","(0, 96, 160)","(0, 95, 160)","(0, 96, 160)","(0, 95, 160)","(0, 96, 160)","(0, 95, 160)","(0, 96, 160)","(0, 95, 160)","(0, 95, 158)","(2, 95, 156)","(7, 97, 157)","(10, 100, 162)","(8, 101, 160)","(5, 99, 160)","(0, 96, 154)","(0, 94, 154)","(0, 93, 150)","(3, 102, 161)","(2, 101, 158)","(0, 96, 156)","(0, 91, 149)","(0, 87, 148)","(0, 90, 149)","(4, 94, 156)","(7, 97, 157)","(0, 87, 144)","(0, 89, 146)","(1, 92, 149)","(5, 96, 153)","(7, 98, 155)","(5, 96, 153)","(1, 92, 149)","(0, 88, 145)","(0, 88, 145)","(4, 95, 152)","(4, 95, 152)","(0, 88, 145)","(0, 90, 147)","(6, 97, 154)","(3, 94, 151)","(0, 84, 142)","(0, 98, 158)","(0, 99, 160)","(0, 97, 159)","(0, 97, 159)","(0, 97, 160)","(1, 97, 158)","(3, 97, 159)","(4, 96, 159)","(2, 95, 156)","(3, 96, 157)","(2, 97, 155)","(1, 96, 154)","(0, 97, 152)","(1, 98, 153)","(1, 98, 153)","(0, 97, 152)"
"(0, 94, 154)","(0, 94, 154)","(0, 94, 154)","(0, 94, 154)","(0, 94, 154)","(0, 94, 154)","(0, 94, 154)","(0, 94, 154)","(0, 94, 154)","(0, 94, 154)","(0, 94, 154)","(0, 94, 154)","(0, 94, 154)","(0, 94, 154)","(0, 94, 154)","(0, 93, 154)","(6, 99, 160)","(1, 91, 153)","(0, 85, 147)","(0, 88, 149)","(1, 95, 156)","(4, 100, 160)","(3, 99, 159)","(0, 96, 155)","(0, 91, 150)","(0, 95, 154)","(1, 97, 157)","(2, 96, 157)","(3, 96, 157)","(4, 97, 158)","(2, 92, 154)","(0, 86, 149)","(6, 95, 155)","(8, 94, 153)","(7, 93, 152)","(5, 91, 150)","(5, 91, 150)","(6, 92, 151)","(9, 95, 154)","(11, 97, 156)","(7, 93, 152)","(11, 97, 156)","(9, 95, 154)","(4, 90, 149)","(6, 92, 151)","(11, 97, 156)","(7, 93, 152)","(0, 84, 142)","(0, 90, 150)","(0, 93, 152)","(5, 95, 155)","(7, 97, 157)","(8, 97, 157)","(7, 96, 156)","(6, 92, 153)","(4, 90, 151)","(1, 90, 150)","(4, 95, 152)","(5, 96, 153)","(1, 94, 151)","(0, 95, 151)","(1, 98, 153)","(0, 97, 152)","(0, 93, 148)"
"(6, 91, 145)","(6, 91, 145)","(6, 91, 145)","(6, 91, 145)","(6, 91, 145)","(6, 91, 145)","(6, 91, 145)","(6, 91, 145)","(6, 91, 145)","(6, 91, 145)","(6, 91, 145)","(6, 91, 145)","(6, 91, 145)","(6, 91, 145)","(6, 91, 145)","(6, 91, 145)","(4, 86, 142)","(8, 90, 148)","(12, 94, 152)","(9, 94, 151)","(4, 90, 147)","(0, 89, 145)","(2, 91, 147)","(5, 94, 150)","(1, 90, 146)","(4, 93, 149)","(6, 92, 149)","(5, 91, 148)","(8, 93, 150)","(12, 94, 152)","(7, 87, 146)","(0, 79, 135)","(5, 82, 138)","(12, 89, 143)","(17, 94, 148)","(13, 90, 144)","(4, 81, 135)","(0, 77, 131)","(5, 82, 136)","(12, 89, 143)","(17, 94, 148)","(5, 82, 136)","(1, 78, 132)","(10, 87, 141)","(14, 91, 145)","(10, 87, 141)","(10, 87, 141)","(17, 93, 145)","(11, 84, 135)","(10, 84, 133)","(9, 83, 132)","(10, 83, 134)","(11, 84, 137)","(14, 87, 140)","(15, 90, 145)","(16, 93, 149)","(8, 87, 143)","(10, 92, 148)","(8, 95, 149)","(2, 93, 148)","(0, 94, 148)","(1, 98, 151)","(0, 97, 152)","(0, 94, 148)"
"(17, 88, 132)","(17, 88, 130)","(17, 88, 132)","(17, 88, 130)","(17, 88, 132)","(17, 88, 130)","(17, 88, 132)","(17, 88, 130)","(17, 88, 132)","(17, 88, 130)","(17, 88, 132)","(17, 88, 130)","(17, 88, 132)","(17, 88, 130)","(17, 88, 132)","(19, 88, 130)","(34, 97, 141)","(70, 131, 176)","(103, 166, 210)","(103, 167, 211)","(72, 136, 180)","(39, 106, 149)","(27, 96, 138)","(30, 99, 141)","(26, 95, 137)","(21, 90, 132)","(14, 81, 124)","(16, 83, 126)","(40, 103, 147)","(74, 137, 181)","(100, 161, 206)","(111, 170, 214)","(82, 139, 182)","(112, 167, 208)","(143, 198, 239)","(150, 205, 246)","(132, 187, 228)","(109, 164, 205)","(97, 152, 193)","(95, 150, 191)","(98, 153, 194)","(71, 126, 167)","(66, 121, 162)","(89, 144, 185)","(98, 153, 194)","(85, 140, 181)","(91, 146, 187)","(114, 169, 208)","(108, 162, 200)","(95, 147, 186)","(72, 126, 164)","(50, 103, 143)","(33, 87, 131)","(25, 82, 127)","(22, 83, 128)","(21, 85, 133)","(18, 88, 137)","(20, 93, 144)","(14, 94, 145)","(5, 91, 142)","(2, 92, 145)","(4, 98, 150)","(3, 100, 153)","(0, 97, 149)"
"(66, 116, 149)","(62, 113, 144)","(60, 110, 143)","(66, 117, 148)","(75, 125, 158)","(78, 129, 160)","(71, 121, 154)","(63, 114, 145)","(50, 100, 133)","(61, 112, 143)","(91, 141, 174)","(112, 163, 194)","(95, 145, 178)","(77, 128, 159)","(113, 163, 196)","(175, 220, 249)","(206, 240, 255)","(218, 246, 255)","(225, 255, 255)","(228, 255, 255)","(224, 255, 255)","(210, 245, 255)","(194, 231, 250)","(184, 221, 240)","(176, 213, 232)","(151, 188, 207)","(127, 162, 182)","(134, 169, 189)","(181, 212, 233)","(225, 255, 255)","(233, 255, 255)","(218, 245, 255)","(224, 249, 255)","(228, 251, 255)","(230, 253, 255)","(231, 254, 255)","(229, 252, 255)","(225, 248, 255)","(221, 244, 255)","(218, 241, 255)","(212, 235, 253)","(218, 241, 255)","(226, 249, 255)","(233, 255, 255)","(235, 255, 255)","(232, 255, 255)","(227, 250, 255)","(220, 245, 255)","(218, 245, 255)","(227, 255, 255)","(222, 252, 255)","(200, 231, 255)","(174, 209, 239)","(157, 196, 229)","(142, 185, 220)","(124, 174, 211)","(80, 135, 176)","(37, 100, 143)","(18, 89, 135)","(19, 95, 144)","(8, 91, 141)","(7, 95, 145)","(8, 100, 151)","(0, 90, 142)"
"(216, 251, 255)","(212, 247, 255)","(209, 244, 255)","(211, 246, 255)","(215, 250, 255)","(215, 250, 255)","(208, 243, 255)","(202, 237, 255)","(196, 231, 253)","(196, 231, 251)","(204, 239, 255)","(214, 249, 255)","(213, 248, 255)","(209, 244, 255)","(221, 255, 255)","(234, 255, 255)","(234, 248, 255)","(237, 246, 255)","(234, 243, 252)","(229, 239, 248)","(220, 233, 241)","(210, 225, 232)","(203, 218, 225)","(196, 213, 220)","(213, 230, 237)","(228, 245, 252)","(237, 252, 255)","(233, 246, 254)","(231, 241, 250)","(233, 243, 252)","(234, 243, 252)","(230, 237, 247)","(234, 239, 245)","(235, 238, 245)","(236, 239, 246)","(236, 239, 246)","(236, 239, 246)","(236, 239, 246)","(236, 239, 246)","(236, 239, 246)","(238, 241, 248)","(240, 243, 250)","(243, 246, 253)","(245, 248, 255)","(243, 246, 253)","(240, 243, 250)","(235, 238, 245)","(231, 236, 242)","(224, 231, 241)","(235, 245, 255)","(239, 251, 255)","(233, 246, 255)","(227, 244, 255)","(228, 250, 255)","(225, 252, 255)","(214, 249, 255)","(200, 243, 255)","(182, 232, 255)","(160, 218, 255)","(116, 183, 225)","(54, 127, 172)","(8, 89, 136)","(8, 90, 138)","(17, 103, 150)"
"(222, 240, 254)","(221, 239, 251)","(220, 238, 252)","(222, 240, 252)","(224, 242, 255)","(225, 243, 255)","(224, 242, 255)","(223, 241, 253)","(229, 247, 255)","(228, 246, 255)","(222, 240, 254)","(218, 236, 248)","(223, 241, 255)","(231, 249, 255)","(225, 243, 255)","(215, 229, 240)","(235, 240, 246)","(235, 236, 241)","(231, 232, 237)","(224, 227, 232)","(220, 225, 229)","(217, 225, 228)","(217, 225, 228)","(217, 225, 228)","(210, 218, 221)","(223, 231, 234)","(234, 239, 243)","(232, 237, 241)","(232, 235, 240)","(237, 238, 243)","(239, 238, 244)","(235, 234, 239)","(230, 228, 233)","(228, 226, 229)","(227, 225, 228)","(227, 225, 228)","(229, 227, 230)","(232, 230, 233)","(236, 234, 237)","(239, 237, 240)","(250, 248, 251)","(249, 247, 250)","(246, 244, 247)","(242, 240, 243)","(238, 236, 239)","(234, 232, 235)","(230, 228, 231)","(229, 227, 230)","(235, 230, 234)","(242, 237, 241)","(240, 238, 243)","(233, 234, 239)","(230, 234, 245)","(232, 239, 255)","(226, 241, 255)","(215, 237, 255)","(220, 250, 255)","(170, 207, 236)","(99, 144, 177)","(46, 100, 136)","(24, 84, 121)","(8, 76, 115)","(6, 75, 116)","(15, 88, 129)"
"(226, 235, 244)","(227, 236, 245)","(228, 237, 246)","(228, 237, 246)","(228, 237, 246)","(230, 239, 248)","(233, 242, 251)","(236, 245, 254)","(228, 237, 246)","(237, 246, 255)","(237, 246, 255)","(227, 236, 245)","(223, 232, 241)","(228, 237, 246)","(225, 234, 243)","(218, 225, 233)","(225, 225, 233)","(227, 227, 235)","(229, 229, 237)","(229, 232, 239)","(229, 234, 240)","(227, 234, 240)","(227, 234, 240)","(227, 234, 240)","(228, 235, 241)","(221, 228, 234)","(214, 219, 225)","(211, 216, 222)","(221, 224, 231)","(233, 233, 241)","(232, 231, 239)","(223, 222, 230)","(225, 224, 230)","(225, 224, 230)","(223, 222, 228)","(224, 223, 229)","(226, 225, 231)","(230, 229, 235)","(234, 233, 239)","(236, 235, 241)","(242, 241, 247)","(240, 239, 245)","(237, 236, 242)","(233, 232, 238)","(230, 229, 235)","(227, 226, 232)","(225, 224, 230)","(225, 223, 228)","(232, 223, 224)","(234, 226, 224)","(233, 224, 225)","(227, 222, 226)","(227, 224, 231)","(229, 229, 239)","(221, 227, 241)","(210, 222, 238)","(209, 227, 247)","(169, 193, 217)","(115, 146, 174)","(103, 142, 171)","(130, 175, 204)","(126, 177, 208)","(93, 148, 179)","(78, 134, 167)"
"(230, 233, 242)","(231, 234, 243)","(229, 232, 241)","(226, 229, 238)","(222, 225, 234)","(221, 224, 233)","(223, 226, 235)","(226, 229, 238)","(216, 219, 228)","(222, 225, 234)","(229, 232, 241)","(227, 230, 239)","(220, 223, 232)","(215, 218, 227)","(218, 221, 230)","(222, 226, 237)","(219, 225, 239)","(220, 227, 243)","(222, 229, 245)","(222, 231, 246)","(220, 232, 246)","(216, 230, 243)","(214, 228, 241)","(210, 226, 239)","(211, 227, 240)","(217, 233, 246)","(223, 237, 250)","(220, 232, 246)","(217, 226, 241)","(216, 225, 240)","(217, 224, 240)","(217, 224, 240)","(219, 228, 243)","(219, 228, 243)","(219, 228, 243)","(220, 229, 244)","(222, 231, 246)","(223, 232, 247)","(224, 233, 248)","(225, 234, 249)","(219, 228, 243)","(219, 228, 243)","(220, 229, 244)","(220, 229, 244)","(219, 228, 243)","(218, 227, 242)","(217, 226, 241)","(219, 225, 237)","(226, 225, 230)","(230, 226, 227)","(230, 225, 229)","(228, 226, 231)","(230, 229, 235)","(230, 230, 240)","(222, 224, 236)","(211, 217, 231)","(203, 212, 227)","(219, 235, 251)","(226, 244, 255)","(230, 255, 255)","(233, 255, 255)","(224, 255, 255)","(208, 244, 255)","(215, 253, 255)"
"(220, 220, 232)","(218, 220, 232)","(219, 219, 231)","(215, 217, 229)","(215, 215, 227)","(213, 215, 227)","(217, 217, 229)","(216, 218, 230)","(222, 222, 234)","(214, 216, 228)","(218, 218, 230)","(224, 226, 238)","(226, 226, 238)","(216, 218, 230)","(217, 217, 229)","(222, 224, 237)","(217, 223, 239)","(215, 222, 240)","(213, 220, 238)","(211, 220, 237)","(208, 220, 236)","(208, 221, 237)","(208, 221, 237)","(207, 223, 238)","(197, 210, 226)","(205, 218, 234)","(211, 224, 240)","(212, 224, 240)","(211, 220, 237)","(211, 220, 237)","(217, 224, 242)","(222, 229, 247)","(213, 225, 241)","(214, 226, 242)","(215, 227, 243)","(217, 229, 245)","(217, 229, 245)","(216, 228, 244)","(214, 226, 242)","(213, 225, 241)","(210, 222, 238)","(212, 224, 240)","(214, 226, 242)","(216, 228, 244)","(218, 230, 246)","(218, 230, 246)","(218, 230, 246)","(220, 230, 242)","(229, 233, 242)","(231, 231, 239)","(230, 230, 238)","(230, 230, 238)","(229, 229, 239)","(225, 225, 235)","(216, 218, 230)","(209, 211, 223)","(203, 207, 219)","(212, 220, 233)","(214, 223, 238)","(209, 223, 236)","(210, 226, 239)","(214, 232, 244)","(224, 246, 255)","(238, 255, 255)"
"(220, 222, 237)","(218, 221, 236)","(219, 221, 236)","(219, 222, 237)","(222, 224, 239)","(223, 226, 241)","(225, 227, 242)","(224, 227, 242)","(224, 226, 241)","(217, 220, 235)","(216, 218, 233)","(220, 223, 238)","(225, 227, 242)","(221, 224, 239)","(219, 221, 236)","(219, 221, 234)","(221, 220, 234)","(221, 221, 233)","(221, 221, 233)","(219, 221, 233)","(220, 222, 234)","(221, 225, 236)","(223, 227, 238)","(222, 229, 239)","(238, 242, 253)","(229, 233, 244)","(220, 224, 235)","(220, 222, 234)","(223, 225, 237)","(227, 227, 239)","(227, 225, 238)","(224, 224, 236)","(221, 225, 236)","(220, 227, 237)","(221, 228, 238)","(221, 228, 238)","(221, 228, 238)","(220, 227, 237)","(219, 226, 236)","(218, 225, 235)","(221, 228, 238)","(222, 229, 239)","(222, 229, 239)","(223, 230, 240)","(224, 231, 241)","(224, 231, 241)","(225, 232, 242)","(225, 231, 243)","(221, 231, 243)","(221, 231, 243)","(225, 233, 246)","(230, 238, 251)","(235, 241, 255)","(238, 242, 254)","(239, 241, 254)","(239, 241, 253)","(238, 238, 250)","(222, 224, 236)","(215, 218, 227)","(215, 219, 228)","(217, 222, 228)","(220, 227, 233)","(217, 224, 230)","(203, 212, 217)"
"(239, 242, 255)","(237, 240, 255)","(234, 237, 254)","(234, 237, 254)","(234, 237, 254)","(233, 236, 253)","(231, 234, 251)","(228, 231, 248)","(231, 234, 251)","(235, 238, 255)","(236, 239, 255)","(232, 235, 252)","(231, 234, 251)","(233, 236, 253)","(233, 236, 253)","(233, 235, 250)","(233, 230, 241)","(237, 231, 241)","(238, 235, 244)","(240, 237, 246)","(238, 237, 245)","(236, 235, 243)","(232, 232, 240)","(229, 229, 237)","(230, 230, 238)","(230, 230, 238)","(234, 233, 241)","(238, 237, 245)","(241, 238, 247)","(240, 237, 246)","(239, 233, 243)","(237, 234, 243)","(236, 236, 244)","(233, 236, 243)","(233, 236, 243)","(233, 236, 243)","(232, 235, 242)","(233, 236, 243)","(233, 236, 243)","(233, 236, 243)","(235, 238, 245)","(234, 237, 244)","(231, 234, 241)","(229, 232, 239)","(228, 231, 238)","(228, 231, 238)","(229, 232, 239)","(226, 233, 243)","(225, 237, 251)","(220, 236, 252)","(223, 235, 251)","(224, 236, 252)","(227, 234, 250)","(228, 234, 248)","(231, 234, 249)","(235, 237, 249)","(237, 235, 248)","(234, 233, 241)","(246, 245, 253)","(246, 245, 250)","(229, 228, 233)","(233, 233, 235)","(245, 246, 248)","(240, 241, 243)"
